date,event,fighter,official_lbs,fight_night_lbs,gain_lbs,gain_pct,source,published_at
2022-08-13,UFC on ESPN: Vera vs. Cruz,Marlon Vera,135.5,151.8,16.3,12.03,UFC on ESPN: Vera vs. Cruz,2022-08-20
2022-08-13,UFC on ESPN: Vera vs. Cruz,Dominick Cruz,135.0,154.0,19.0,14.07,UFC on ESPN: Vera vs. Cruz,2022-08-20
2022-08-13,UFC on ESPN: Vera vs. Cruz,Nate Landwehr,145.0,161.4,16.4,11.31,UFC on ESPN: Vera vs. Cruz,2022-08-20
2022-08-13,UFC on ESPN: Vera vs. Cruz,David Onama,145.0,160.2,15.2,10.48,UFC on ESPN: Vera vs. Cruz,2022-08-20
2022-08-13,UFC on ESPN: Vera vs. Cruz,Yazmin Jauregui,115.0,130.4,15.4,13.39,UFC on ESPN: Vera vs. Cruz,2022-08-20
2022-08-13,UFC on ESPN: Vera vs. Cruz,Iasmin Lucindo,115.0,131.4,16.4,14.26,UFC on ESPN: Vera vs. Cruz,2022-08-20
2022-08-13,UFC on ESPN: Vera vs. Cruz,Azamat Murzakanov,205.0,219.4,14.4,7.02,UFC on ESPN: Vera vs. Cruz,2022-08-20
2022-08-13,UFC on ESPN: Vera vs. Cruz,Devin Clark,205.0,220.4,15.4,7.51,UFC on ESPN: Vera vs. Cruz,2022-08-20
2022-08-13,UFC on ESPN: Vera vs. Cruz,Priscila Cachoeira,135.0,147.4,12.4,9.19,UFC on ESPN: Vera vs. Cruz,2022-08-20
2022-08-13,UFC on ESPN: Vera vs. Cruz,Ariane Lipski,135.0,142.2,7.2,5.33,UFC on ESPN: Vera vs. Cruz,2022-08-20
2022-08-13,UFC on ESPN: Vera vs. Cruz,Gerald Meerschaert,185.0,203.4,18.4,9.95,UFC on ESPN: Vera vs. Cruz,2022-08-20
2022-08-13,UFC on ESPN: Vera vs. Cruz,Bruno Silva,185.0,199.8,14.8,8.0,UFC on ESPN: Vera vs. Cruz,2022-08-20
2022-08-13,UFC on ESPN: Vera vs. Cruz,Angela Hill,120.0,126.8,6.8,5.67,UFC on ESPN: Vera vs. Cruz,2022-08-20
2022-08-13,UFC on ESPN: Vera vs. Cruz,Lupita Godinez,120.0,130.0,10.0,8.33,UFC on ESPN: Vera vs. Cruz,2022-08-20
2022-08-13,UFC on ESPN: Vera vs. Cruz,Martin Buday,266.0,290.4,24.4,9.17,UFC on ESPN: Vera vs. Cruz,2022-08-20
2022-08-13,UFC on ESPN: Vera vs. Cruz,Lukasz Brzeski,236.5,240.0,3.5,1.48,UFC on ESPN: Vera vs. Cruz,2022-08-20
2022-08-13,UFC on ESPN: Vera vs. Cruz,Nina Nunes,125.0,130.2,5.2,4.16,UFC on ESPN: Vera vs. Cruz,2022-08-20
2022-08-13,UFC on ESPN: Vera vs. Cruz,Cynthia Calvillo,125.0,136.4,11.4,9.12,UFC on ESPN: Vera vs. Cruz,2022-08-20
2022-08-13,UFC on ESPN: Vera vs. Cruz,Gabriel Benitez,155.0,170.2,15.2,9.81,UFC on ESPN: Vera vs. Cruz,2022-08-20
2022-08-13,UFC on ESPN: Vera vs. Cruz,Charlie Ontiveros,155.0,165.4,10.4,6.71,UFC on ESPN: Vera vs. Cruz,2022-08-20
2022-08-13,UFC on ESPN: Vera vs. Cruz,Tyson Nam,126.0,146.2,20.2,16.03,UFC on ESPN: Vera vs. Cruz,2022-08-20
2022-08-13,UFC on ESPN: Vera vs. Cruz,Ode Osbourne,125.0,138.6,13.6,10.88,UFC on ESPN: Vera vs. Cruz,2022-08-20
2022-08-13,UFC on ESPN: Vera vs. Cruz,Josh Quinlan,175.0,185.0,10.0,5.71,UFC on ESPN: Vera vs. Cruz,2022-08-20
2022-08-13,UFC on ESPN: Vera vs. Cruz,Jason Witt,179.5,191.0,11.5,6.41,UFC on ESPN: Vera vs. Cruz,2022-08-20
2022-08-13,UFC on ESPN: Vera vs. Cruz,Youssef Zalal,135.5,154.6,19.1,14.1,UFC on ESPN: Vera vs. Cruz,2022-08-20
2022-08-13,UFC on ESPN: Vera vs. Cruz,Da’Mon Blackshear,136.0,152.4,16.4,12.06,UFC on ESPN: Vera vs. Cruz,2022-08-20
2023-10-07,Bellator 300: Nurmagomedov vs. Primus,Usman Nurmagomedov,154.8,173.2,18.4,11.89,Bellator 300,2023-10-09
2023-10-07,Bellator 300: Nurmagomedov vs. Primus,Renato Moicano,154.8,180.6,25.8,16.67,Bellator 300,2023-10-09
2023-10-07,Bellator 300: Nurmagomedov vs. Primus,Cris Cyborg,144.6,163.4,18.8,13.0,Bellator 300,2023-10-09
2023-10-07,Bellator 300: Nurmagomedov vs. Primus,Cat Zingano,144.6,146.4,1.8,1.24,Bellator 300,2023-10-09
2023-10-07,Bellator 300: Nurmagomedov vs. Primus,Liz Carmouche,124.8,146.0,21.2,16.99,Bellator 300,2023-10-09
2023-10-07,Bellator 300: Nurmagomedov vs. Primus,Ilima-Lei Macfarlane,126.6,140.4,13.8,10.9,Bellator 300,2023-10-09
2023-10-07,Bellator 300: Nurmagomedov vs. Primus,Bobby Seronio III,138.2,147.6,9.4,6.8,Bellator 300,2023-10-09
2023-10-07,Bellator 300: Nurmagomedov vs. Primus,Alberto Garcia,137.6,153.4,15.8,11.48,Bellator 300,2023-10-09
2023-10-07,Bellator 300: Nurmagomedov vs. Primus,Leah McCourt,146.0,155.6,9.6,6.58,Bellator 300,2023-10-09
2023-10-07,Bellator 300: Nurmagomedov vs. Primus,Sara McMann,145.4,147.6,2.2,1.51,Bellator 300,2023-10-09
2023-10-07,Bellator 300: Nurmagomedov vs. Primus,Sergio Cossio,156.0,176.0,20.0,12.82,Bellator 300,2023-10-09
2023-10-07,Bellator 300: Nurmagomedov vs. Primus,Jesse Roberts,155.8,174.2,18.4,11.81,Bellator 300,2023-10-09
2023-10-07,Bellator 300: Nurmagomedov vs. Primus,Kai Kamaka III,145.6,163.4,17.8,12.23,Bellator 300,2023-10-09
2023-10-07,Bellator 300: Nurmagomedov vs. Primus,Henry Corrales,146.0,171.4,25.4,17.4,Bellator 300,2023-10-09
2023-10-07,Bellator 300: Nurmagomedov vs. Primus,Slim Trabelsi,233.8,233.4,-0.4,-0.17,Bellator 300,2023-10-09
2023-10-07,Bellator 300: Nurmagomedov vs. Primus,Davion Franklin,265.0,284.0,19.0,7.17,Bellator 300,2023-10-09
2023-10-07,Bellator 300: Nurmagomedov vs. Primus,Dovletdzhan Yagshimuradov,205.4,221.6,16.2,7.89,Bellator 300,2023-10-09
2023-10-07,Bellator 300: Nurmagomedov vs. Primus,Maciej Rozanski,204.4,217.0,12.6,6.16,Bellator 300,2023-10-09
2023-10-07,Bellator 300: Nurmagomedov vs. Primus,Mukhamed Berkhamov,178.4,191.4,13.0,7.29,Bellator 300,2023-10-09
2023-10-07,Bellator 300: Nurmagomedov vs. Primus,Herman Terrado,178.2,191.4,13.2,7.41,Bellator 300,2023-10-09
2023-10-07,Bellator 300: Nurmagomedov vs. Primus,Grant Neal,183.6,202.2,18.6,10.13,Bellator 300,2023-10-09
2023-10-07,Bellator 300: Nurmagomedov vs. Primus,Romero Cotton,185.6,203.4,17.8,9.59,Bellator 300,2023-10-09
2023-10-07,Bellator 300: Nurmagomedov vs. Primus,Jena Bishop,125.4,135.4,10.0,7.97,Bellator 300,2023-10-09
2023-10-07,Bellator 300: Nurmagomedov vs. Primus,Ilara Joanne,125.6,136.0,10.4,8.28,Bellator 300,2023-10-09
2023-10-07,Bellator 300: Nurmagomedov vs. Primus,Josh Hokit,246.0,247.0,1.0,0.41,Bellator 300,2023-10-09
2023-10-07,Bellator 300: Nurmagomedov vs. Primus,Spencer Smith,247.8,250.6,2.8,1.13,Bellator 300,2023-10-09
2023-10-07,Bellator 300: Nurmagomedov vs. Primus,Dmytrii Hrytsenko,158.8,170.6,11.8,7.43,Bellator 300,2023-10-09
2023-10-07,Bellator 300: Nurmagomedov vs. Primus,Justin Montalvo,158.6,176.8,18.2,11.48,Bellator 300,2023-10-09
2023-10-07,Bellator 300: Nurmagomedov vs. Primus,Bryce Meredith,136.0,153.2,17.2,12.65,Bellator 300,2023-10-09
2023-10-07,Bellator 300: Nurmagomedov vs. Primus,Miguel Peimbert,134.8,149.0,14.2,10.53,Bellator 300,2023-10-09
2023-10-07,Bellator 300: Nurmagomedov vs. Primus,Jackie Cataline,145.4,148.6,3.2,2.2,Bellator 300,2023-10-09
2023-10-07,Bellator 300: Nurmagomedov vs. Primus,Lorrany Santos,145.6,163.8,18.2,12.5,Bellator 300,2023-10-09
2024-02-17,UFC 298: Volkanovski vs. Topuria,Alexander Volkanovski,145.0,166.2,21.2,14.62,UFC 298,2024-02-24
2024-02-17,UFC 298: Volkanovski vs. Topuria,Ilia Topuria,144.5,167.2,22.7,15.71,UFC 298,2024-02-24
2024-02-17,UFC 298: Volkanovski vs. Topuria,Paulo Costa,185.5,215.2,29.7,16.01,UFC 298,2024-02-24
2024-02-17,UFC 298: Volkanovski vs. Topuria,Robert Whittaker,185.5,207.6,22.1,11.91,UFC 298,2024-02-24
2024-02-17,UFC 298: Volkanovski vs. Topuria,Ian Machado Garry,170.5,180.6,10.1,5.92,UFC 298,2024-02-24
2024-02-17,UFC 298: Volkanovski vs. Topuria,Geoff Neal,170.5,200.8,30.3,17.77,UFC 298,2024-02-24
2024-02-17,UFC 298: Volkanovski vs. Topuria,Henry Cejudo,135.0,150.6,15.6,11.56,UFC 298,2024-02-24
2024-02-17,UFC 298: Volkanovski vs. Topuria,Merab Dvalishvili,135.0,156.8,21.8,16.15,UFC 298,2024-02-24
2024-02-17,UFC 298: Volkanovski vs. Topuria,Roman Kopylov,185.0,194.0,9.0,4.86,UFC 298,2024-02-24
2024-02-17,UFC 298: Volkanovski vs. Topuria,Anthony Hernandez,185.5,203.6,18.1,9.76,UFC 298,2024-02-24
2024-02-17,UFC 298: Volkanovski vs. Topuria,Mackenzie Dern,116.0,127.0,11.0,9.48,UFC 298,2024-02-24
2024-02-17,UFC 298: Volkanovski vs. Topuria,Amanda Lemos,115.5,123.8,8.3,7.19,UFC 298,2024-02-24
2024-02-17,UFC 298: Volkanovski vs. Topuria,Junior Tafa,249.0,247.0,-2.0,-0.8,UFC 298,2024-02-24
2024-02-17,UFC 298: Volkanovski vs. Topuria,Marcos Rogerio de Lima,261.5,273.4,11.9,4.55,UFC 298,2024-02-24
2024-02-17,UFC 298: Volkanovski vs. Topuria,Carlos Vera,135.5,158.6,23.1,17.05,UFC 298,2024-02-24
2024-02-17,UFC 298: Volkanovski vs. Topuria,Rinya Nakamura,135.5,147.2,11.7,8.63,UFC 298,2024-02-24
2024-02-17,UFC 298: Volkanovski vs. Topuria,Brendson Ribeiro,205.5,219.6,14.1,6.86,UFC 298,2024-02-24
2024-02-17,UFC 298: Volkanovski vs. Topuria,Zhang Minyang,204.5,230.2,25.7,12.57,UFC 298,2024-02-24
2024-02-17,UFC 298: Volkanovski vs. Topuria,Danny Barlow,171.0,197.8,26.8,15.67,UFC 298,2024-02-24
2024-02-17,UFC 298: Volkanovski vs. Topuria,Josh Quinland,169.0,187.8,18.8,11.12,UFC 298,2024-02-24
2024-02-17,UFC 298: Volkanovski vs. Topuria,Val Woodburn,169.5,184.0,14.5,8.55,UFC 298,2024-02-24
2024-02-17,UFC 298: Volkanovski vs. Topuria,Oban Elliott,170.5,185.2,14.7,8.62,UFC 298,2024-02-24
2024-02-17,UFC 298: Volkanovski vs. Topuria,Miranda Maverick,126.0,135.8,9.8,7.78,UFC 298,2024-02-24
2024-02-17,UFC 298: Volkanovski vs. Topuria,Andrea Lee,125.5,136.2,10.7,8.53,UFC 298,2024-02-24
2024-09-07,Bellator Champions Series 4: Nurmagomedov vs. Shabliy,Usman Nurmagomedov,154.8,173.6,18.8,12.14,Bellator Champions Series 4,2024-09-14
2024-09-07,Bellator Champions Series 4: Nurmagomedov vs. Shabliy,Alexander Shabily,154.8,174.0,19.2,12.4,Bellator Champions Series 4,2024-09-14
2024-09-07,Bellator Champions Series 4: Nurmagomedov vs. Shabliy,Lorenz Larkin,170.4,188.8,18.4,10.8,Bellator Champions Series 4,2024-09-14
2024-09-07,Bellator Champions Series 4: Nurmagomedov vs. Shabliy,Levan Chokheli,170.8,189.0,18.2,10.66,Bellator Champions Series 4,2024-09-14
2024-09-07,Bellator Champions Series 4: Nurmagomedov vs. Shabliy,Aaron Jeffery,184.4,201.6,17.2,9.33,Bellator Champions Series 4,2024-09-14
2024-09-07,Bellator Champions Series 4: Nurmagomedov vs. Shabliy,Douglas Lima,184.6,189.9,5.3,2.87,Bellator Champions Series 4,2024-09-14
2024-09-07,Bellator Champions Series 4: Nurmagomedov vs. Shabliy,Mackenzie Stiller,125.2,131.8,6.6,5.27,Bellator Champions Series 4,2024-09-14
2024-09-07,Bellator Champions Series 4: Nurmagomedov vs. Shabliy,Sumiko Inaba,125.2,135.6,10.4,8.31,Bellator Champions Series 4,2024-09-14
2024-09-07,Bellator Champions Series 4: Nurmagomedov vs. Shabliy,Zhora Aivazian,155.4,169.2,13.8,8.88,Bellator Champions Series 4,2024-09-14
2024-09-07,Bellator Champions Series 4: Nurmagomedov vs. Shabliy,Yancey Medeiros,155.2,177.0,21.8,14.05,Bellator Champions Series 4,2024-09-14
2024-09-07,Bellator Champions Series 4: Nurmagomedov vs. Shabliy,Imamshavi Aliev,185.0,208.2,23.2,12.54,Bellator Champions Series 4,2024-09-14
2024-09-07,Bellator Champions Series 4: Nurmagomedov vs. Shabliy,Jordan Newman,185.2,192.0,6.8,3.67,Bellator Champions Series 4,2024-09-14
2024-09-07,Bellator Champions Series 4: Nurmagomedov vs. Shabliy,Herman Terrado,170.4,195.8,25.4,14.91,Bellator Champions Series 4,2024-09-14
2024-09-07,Bellator Champions Series 4: Nurmagomedov vs. Shabliy,Masayuki Kikuiri,169.0,181.8,12.8,7.57,Bellator Champions Series 4,2024-09-14
2024-09-07,Bellator Champions Series 4: Nurmagomedov vs. Shabliy,John MaCalolooy,134.8,146.4,11.6,8.61,Bellator Champions Series 4,2024-09-14
2024-09-07,Bellator Champions Series 4: Nurmagomedov vs. Shabliy,Bryce Meredith,135.8,153.0,17.2,12.67,Bellator Champions Series 4,2024-09-14
2024-09-07,Bellator Champions Series 4: Nurmagomedov vs. Shabliy,Josh Hokit,242.2,243.6,1.4,0.58,Bellator Champions Series 4,2024-09-14
2024-09-07,Bellator Champions Series 4: Nurmagomedov vs. Shabliy,Sean Rose,264.8,272.4,7.6,2.87,Bellator Champions Series 4,2024-09-14
2024-09-07,Bellator Champions Series 4: Nurmagomedov vs. Shabliy,Aysia Cortez,116.0,131.0,15.0,12.93,Bellator Champions Series 4,2024-09-14
2024-09-07,Bellator Champions Series 4: Nurmagomedov vs. Shabliy,Ashley Thiner,115.0,135.8,20.8,18.09,Bellator Champions Series 4,2024-09-14
2025-01-18,UFC 311: Makhachev vs. Moicano,Islam Makhachev,154.5,178.0,23.5,15.21,UFC 311,2025-01-25
2025-01-18,UFC 311: Makhachev vs. Moicano,Renato Moicano,155.0,181.8,26.8,17.29,UFC 311,2025-01-25
2025-01-18,UFC 311: Makhachev vs. Moicano,Merab Dvalishvili,134.0,156.8,22.8,17.01,UFC 311,2025-01-25
2025-01-18,UFC 311: Makhachev vs. Moicano,Umar Nurmagomedov,135.0,156.8,21.8,16.15,UFC 311,2025-01-25
2025-01-18,UFC 311: Makhachev vs. Moicano,Jiří Procházka,204.5,208.2,3.7,1.81,UFC 311,2025-01-25
2025-01-18,UFC 311: Makhachev vs. Moicano,Jamahal Hill,205.5,221.8,16.3,7.93,UFC 311,2025-01-25
2025-01-18,UFC 311: Makhachev vs. Moicano,Reinier de Ridder,184.5,212.0,27.5,14.91,UFC 311,2025-01-25
2025-01-18,UFC 311: Makhachev vs. Moicano,Kevin Holland,183.5,190.4,6.9,3.76,UFC 311,2025-01-25
2025-01-18,UFC 311: Makhachev vs. Moicano,Raoni Barcelos,135.5,158.2,22.7,16.75,UFC 311,2025-01-25
2025-01-18,UFC 311: Makhachev vs. Moicano,Payton Talbott,135.5,158.2,22.7,16.75,UFC 311,2025-01-25
2025-01-18,UFC 311: Makhachev vs. Moicano,Jailton Almeida,235.0,232.2,-2.8,-1.19,UFC 311,2025-01-25
2025-01-18,UFC 311: Makhachev vs. Moicano,Serghei Spivac,233.0,234.2,1.2,0.52,UFC 311,2025-01-25
2025-01-18,UFC 311: Makhachev vs. Moicano,Bogdan Guskov,205.5,214.4,8.9,4.33,UFC 311,2025-01-25
2025-01-18,UFC 311: Makhachev vs. Moicano,Billy Elekana,200.0,202.4,2.4,1.2,UFC 311,2025-01-25
2025-01-18,UFC 311: Makhachev vs. Moicano,Grant Dawson,156.0,179.4,23.4,15.0,UFC 311,2025-01-25
2025-01-18,UFC 311: Makhachev vs. Moicano,Diego Ferreira,156.0,173.2,17.2,11.03,UFC 311,2025-01-25
2025-01-18,UFC 311: Makhachev vs. Moicano,Azamat Bekoev,185.5,203.2,17.7,9.54,UFC 311,2025-01-25
2025-01-18,UFC 311: Makhachev vs. Moicano,Zachary Reese,185.5,201.0,15.5,8.36,UFC 311,2025-01-25
2025-01-18,UFC 311: Makhachev vs. Moicano,Ailin Perez,135.0,152.2,17.2,12.74,UFC 311,2025-01-25
2025-01-18,UFC 311: Makhachev vs. Moicano,Karol Rosa,135.5,154.0,18.5,13.65,UFC 311,2025-01-25
2025-01-18,UFC 311: Makhachev vs. Moicano,Muin Gafurov,136.0,151.8,15.8,11.62,UFC 311,2025-01-25
2025-01-18,UFC 311: Makhachev vs. Moicano,Rinya Nakamura,135.5,148.6,13.1,9.67,UFC 311,2025-01-25
2025-01-18,UFC 311: Makhachev vs. Moicano,Bernardo Sopaj,135.0,147.8,12.8,9.48,UFC 311,2025-01-25
2025-01-18,UFC 311: Makhachev vs. Moicano,Ricky Turcios,136.0,156.6,20.6,15.15,UFC 311,2025-01-25
2025-01-18,UFC 311: Makhachev vs. Moicano,Tagir Ulanbekov,125.5,147.4,21.9,17.45,UFC 311,2025-01-25
2025-01-18,UFC 311: Makhachev vs. Moicano,Clayton Carpenter,125.5,141.2,15.7,12.51,UFC 311,2025-01-25
2026-06-27,PFL San Diego: McKee vs. Isbulaev,A.J. McKee,145.6,171.4,25.8,17.72,PFL San Diego: McKee vs. Isbulaev,2026-07-04
2026-06-27,PFL San Diego: McKee vs. Isbulaev,Salamat Isbulaev,145.8,162.5,16.7,11.45,PFL San Diego: McKee vs. Isbulaev,2026-07-04
2026-06-27,PFL San Diego: McKee vs. Isbulaev,Liz Carmouche,126.0,147.0,21.0,16.67,PFL San Diego: McKee vs. Isbulaev,2026-07-04
2026-06-27,PFL San Diego: McKee vs. Isbulaev,Viviane Araujo,125.8,129.1,3.3,2.62,PFL San Diego: McKee vs. Isbulaev,2026-07-04
2026-06-27,PFL San Diego: McKee vs. Isbulaev,Alexander Shabliy,155.8,172.6,16.8,10.78,PFL San Diego: McKee vs. Isbulaev,2026-07-04
2026-06-27,PFL San Diego: McKee vs. Isbulaev,Alfie Davis,156.0,185.1,29.1,18.65,PFL San Diego: McKee vs. Isbulaev,2026-07-04
2026-06-27,PFL San Diego: McKee vs. Isbulaev,Abraham Bably,205.6,220.1,14.5,7.05,PFL San Diego: McKee vs. Isbulaev,2026-07-04
2026-06-27,PFL San Diego: McKee vs. Isbulaev,Rob Wilkinson,205.8,226.1,20.3,9.86,PFL San Diego: McKee vs. Isbulaev,2026-07-04
2026-06-27,PFL San Diego: McKee vs. Isbulaev,Khasan Magomedsharipov,145.8,163.0,17.2,11.8,PFL San Diego: McKee vs. Isbulaev,2026-07-04
2026-06-27,PFL San Diego: McKee vs. Isbulaev,Joshua Weems,146.0,163.5,17.5,11.99,PFL San Diego: McKee vs. Isbulaev,2026-07-04
2026-06-27,PFL San Diego: McKee vs. Isbulaev,Ariane da Silva,126.0,142.0,16.0,12.7,PFL San Diego: McKee vs. Isbulaev,2026-07-04
2026-06-27,PFL San Diego: McKee vs. Isbulaev,Jena Bishop,125.0,136.0,11.0,8.8,PFL San Diego: McKee vs. Isbulaev,2026-07-04
2026-06-27,PFL San Diego: McKee vs. Isbulaev,Justin Wetzell,135.6,158.0,22.4,16.52,PFL San Diego: McKee vs. Isbulaev,2026-07-04
2026-06-27,PFL San Diego: McKee vs. Isbulaev,Sarvardzhon Hamido,137.6,158.1,20.5,14.9,PFL San Diego: McKee vs. Isbulaev,2026-07-04
2026-06-27,PFL San Diego: McKee vs. Isbulaev,Shannon Clark,125.4,141.5,16.1,12.84,PFL San Diego: McKee vs. Isbulaev,2026-07-04
2026-06-27,PFL San Diego: McKee vs. Isbulaev,Ilara Joanne,124.8,137.2,12.4,9.94,PFL San Diego: McKee vs. Isbulaev,2026-07-04
2026-06-27,PFL San Diego: McKee vs. Isbulaev,Cobey Fehr,135.8,148.2,12.4,9.13,PFL San Diego: McKee vs. Isbulaev,2026-07-04
2026-06-27,PFL San Diego: McKee vs. Isbulaev,Daniel Bzdigian,135.6,142.5,6.9,5.09,PFL San Diego: McKee vs. Isbulaev,2026-07-04
