event_date,event_name,fighter,queries,found,accepted,pending,rejected,searched_at
2022-07-16,UFC on ABC: Ortega vs. Rodriguez,Bill Algeo,1,0,0,0,0,2026-09-29T14:00:00Z
2022-07-16,UFC on ABC: Ortega vs. Rodriguez,Herbert Burns,1,0,0,0,0,2026-09-29T14:00:00Z
2024-03-16,UFC Fight Night: Tuivasa vs. Tybura,Pannie Kianzad,1,0,0,0,0,2026-09-29T14:00:00Z
2024-03-16,UFC Fight Night: Tuivasa vs. Tybura,Macy Chiasson,1,0,0,0,0,2026-09-29T14:00:00Z
2023-05-20,UFC Fight Night: Dern vs. Hill,Natalia Silva,1,0,0,0,0,2026-09-29T14:00:00Z
2023-05-20,UFC Fight Night: Dern vs. Hill,Victoria Leonardo,1,0,0,0,0,2026-09-29T14:00:00Z
2016-12-30,UFC 207: Nunes vs. Rousey,Dominick Cruz,1,0,0,0,0,2026-09-29T14:00:00Z
2016-12-30,UFC 207: Nunes vs. Rousey,Cody Garbrandt,1,0,0,0,0,2026-09-29T14:00:00Z
2023-06-17,UFC on ESPN: Vettori vs. Cannonier,Carlos Hernandez,1,0,0,0,0,2026-09-29T14:00:00Z
2023-06-17,UFC on ESPN: Vettori vs. Cannonier,Denys Bondar,1,0,0,0,0,2026-09-29T14:00:00Z
