date,event,pick,opponent,model,market,odds,won,profit,disagreement,is_favourite
2026-01-24,UFC 324 - Las Vegas,Paddy Pimblett,Justin Gaethje,0.5998543185627749,0.648506151142355,-180.0,0.0,-1.0,-0.04865183257958006,True
2026-01-24,UFC 324 - Las Vegas,Sean O'Malley,Song Yadong,0.7491502583758634,0.6428571428571429,-200.0,1.0,0.5,0.10629311551872045,True
2026-01-24,UFC 324 - Las Vegas,Derrick Lewis,Waldo Cortes Acosta,0.8293209076282074,0.2707423580786026,250.0,0.0,-1.0,0.5585785495496048,False
2026-01-24,UFC 324 - Las Vegas,Natalia Silva,Rose Namajunas,0.8287958903630237,0.7619047619047619,-400.0,1.0,0.25,0.06689112845826184,True
2026-01-24,UFC 324 - Las Vegas,Arnold Allen,Jean Silva,0.6037608410557949,0.29556650246305427,225.0,0.0,-1.0,0.3081943385927406,False
2026-01-24,UFC 324 - Las Vegas,Umar Nurmagomedov,Deiveson Figueiredo,0.8952197371136317,0.8936170212765957,-1400.0,1.0,0.07142857142857142,0.0016027158370359729,True
2026-01-24,UFC 324 - Las Vegas,Ateba Gautier,Andrey Pulyaev,0.8463107898819271,0.8641975308641975,-1000.0,1.0,0.1,-0.017886740982270388,True
2026-01-24,UFC 324 - Las Vegas,Nikita Krylov,Modestas Bukauskas,0.6282762201542856,0.45092838196286467,110.0,1.0,1.1,0.17734783819142097,False
2026-01-24,UFC 324 - Las Vegas,Alex Perez,Charles Johnson,0.6263441758787999,0.35714285714285715,170.0,1.0,1.7,0.2692013187359427,False
2026-01-24,UFC 324 - Las Vegas,Josh Hokit,Denzel Freeman,0.8492142246969917,0.6652073139325264,-225.0,1.0,0.4444444444444444,0.1840069107644653,True
2026-01-31,"UFC 325 - Sydney, Australia",Benoit Saint Denis,Dan Hooker,0.7139181134099658,0.7446808510638298,-350.0,1.0,0.2857142857142857,-0.030762737653863947,True
2026-01-31,"UFC 325 - Sydney, Australia",Mauricio Ruffy,Rafael Fiziev,0.5375279830371993,0.5263157894736842,-125.0,1.0,0.8,0.011212193563515105,True
2026-01-31,"UFC 325 - Sydney, Australia",Tallison Teixeira,Tai Tuivasa,0.8400822523049468,0.7446808510638298,-350.0,1.0,0.2857142857142857,0.09540140124111707,True
2026-01-31,"UFC 325 - Sydney, Australia",Junior Tafa,Billy Elekana,0.5111642343229879,0.3181818181818181,200.0,0.0,-1.0,0.19298241614116973,False
2026-01-31,"UFC 325 - Sydney, Australia",Cam Rowston,Cody Brundage,0.5529912536117589,0.7446808510638298,-350.0,1.0,0.2857142857142857,-0.19168959745207081,True
2026-01-31,"UFC 325 - Sydney, Australia",Torrez Finney,Jacob Malkoun,0.7313127477890443,0.45092838196286467,110.0,0.0,-1.0,0.28038436582617965,False
2026-01-31,"UFC 325 - Sydney, Australia",Jonathan Micallef,Oban Elliott,0.6935556308184074,0.5490716180371353,-138.0,1.0,0.7246376811594203,0.1444840127812721,True
2026-01-31,"UFC 325 - Sydney, Australia",Yizha,Kaan Ofli,0.8318834681279961,0.6428571428571429,-200.0,0.0,-1.0,0.18902632527085317,True
2026-01-31,"UFC 325 - Sydney, Australia",Quillan Salkilld,Jamie Mullarkey,0.9222348622498099,0.8807339449541285,-1200.0,1.0,0.08333333333333333,0.041500917295681394,True
2026-02-07,Fight Night Las Vegas - Bautista vs Oliveira,Vinicius Oliveira,Mario Bautista,0.5496284010031938,0.3859649122807018,150.0,0.0,-1.0,0.16366348872249198,False
2026-02-07,Fight Night Las Vegas - Bautista vs Oliveira,Kyoji Horiguchi,Amir Albazi,0.7078123178319398,0.7619047619047619,-400.0,1.0,0.25,-0.0540924440728221,True
2026-03-07,UFC 326: Holloway vs. Oliveira,Max Holloway,Charles Oliveira,0.6174149737184867,0.6385542168674698,-200.0,0.0,-1.0,-0.021139243148983078,True
2026-03-07,UFC 326: Holloway vs. Oliveira,Reinier de Ridder,Caio Borralho,0.5151772466393553,0.3194444444444444,200.0,0.0,-1.0,0.19573280219491085,False
2026-03-07,UFC 326: Holloway vs. Oliveira,Rob Font,Raul Rosas Jr.,0.6949368570547132,0.28644876973925815,235.0,0.0,-1.0,0.40848808731545505,False
2026-03-07,UFC 326: Holloway vs. Oliveira,Brunno Ferreira,Gregory Rodrigues,0.6057711189713904,0.4088050314465409,135.0,0.0,-1.0,0.19696608752484945,False
2026-03-07,UFC 326: Holloway vs. Oliveira,Drew Dober,Michael Johnson,0.7535668496764416,0.6164383561643836,-180.0,1.0,0.5555555555555556,0.13712849351205803,True
2026-03-07,UFC 326: Holloway vs. Oliveira,Xiao Long,Cody Garbrandt,0.7729428283656162,0.5911949685534592,-160.0,0.0,-1.0,0.18174785981215702,True
2026-03-07,UFC 326: Holloway vs. Oliveira,Nyamjargal Tumendemberel,Cody Durden,0.6313853367003425,0.5990922844175491,-165.0,1.0,0.6060606060606061,0.03229305228279333,True
2026-03-07,UFC 326: Holloway vs. Oliveira,Sumudaerji,Jesus Aguilar,0.8456404619300164,0.6581196581196581,-220.0,1.0,0.45454545454545453,0.1875208038103583,True
2026-04-25,UFC Fight Night: Sterling vs. Zalal,Aljamain Sterling,Youssef Zalal,0.7353893924858299,0.447405997144217,115.0,1.0,1.15,0.2879833953416129,False
2026-04-25,UFC Fight Night: Sterling vs. Zalal,Norma Dumont,Joselyne Edwards,0.7042068735980328,0.6498905908096281,-220.0,0.0,-1.0,0.054316282788404724,True
2026-04-25,UFC Fight Night: Sterling vs. Zalal,Rafa Garcia,Alexander Hernandez,0.7853997300085475,0.48427672955974843,-105.0,1.0,0.9523809523809523,0.301123000448799,True
2026-04-25,UFC Fight Night: Sterling vs. Zalal,Ryan Spann,Marcus Buchecha,0.7383611895967009,0.4032860343539955,135.0,1.0,1.35,0.3350751552427054,False
2026-04-25,UFC Fight Night: Sterling vs. Zalal,Montel Jackson,Raoni Barcelos,0.7606501376105247,0.6385542168674698,-200.0,0.0,-1.0,0.12209592074305486,True
2026-04-25,UFC Fight Night: Sterling vs. Zalal,Rodolfo Vieira,Eric McConico,0.8523607441423348,0.7341211225997046,-350.0,0.0,-1.0,0.11823962154263012,True
2026-04-25,UFC Fight Night: Sterling vs. Zalal,Sedriques Dumas,Jackson McVey,0.8424075014180713,0.37037037037037035,155.0,0.0,-1.0,0.47203713104770095,False
2026-04-25,UFC Fight Night: Sterling vs. Zalal,Mayra Bueno Silva,Michelle Montague,0.562995842202224,0.21052631578947367,350.0,0.0,-1.0,0.3524695264127503,False
2026-04-25,UFC Fight Night: Sterling vs. Zalal,Jafel Filho,Cody Durden,0.7458910532187545,0.8279569892473118,-700.0,0.0,-1.0,-0.08206593602855727,True
2026-04-25,UFC Fight Night: Sterling vs. Zalal,Julia Polastri,Talita Alencar,0.7503827245933388,0.6805678793256432,-260.0,0.0,-1.0,0.06981484526769555,True
2026-06-06,UFC Fight Night: Muhammad vs. Bonfim,Gabriel Bonfim,Belal Muhammad,0.6428572231306965,0.4947698744769875,-110.0,1.0,0.9090909090909091,0.14808734865370898,True
2026-06-06,UFC Fight Night: Muhammad vs. Bonfim,Brendan Allen,Edmen Shahbazyan,0.7683532555692312,0.6139519133084999,-185.0,1.0,0.5405405405405406,0.15440134226073132,True
2026-06-06,UFC Fight Night: Muhammad vs. Bonfim,Fares Ziam,Tom Nolan,0.5442486031461667,0.7300613496932514,-340.0,0.0,-1.0,-0.18581274654708468,True
2026-06-06,UFC Fight Night: Muhammad vs. Bonfim,Bryce Mitchell,Santiago Luna,0.8879275785966844,0.5157232704402516,-120.0,1.0,0.8333333333333334,0.3722043081564328,True
2026-06-06,UFC Fight Night: Muhammad vs. Bonfim,Iwo Baraniewski,Junior Tafa,0.529937433175948,0.7572815533980582,-400.0,1.0,0.25,-0.22734412022211026,True
2026-06-06,UFC Fight Night: Muhammad vs. Bonfim,Alessandro Costa,Matt Schnell,0.6596264250049364,0.7696245733788397,-440.0,1.0,0.22727272727272727,-0.10999814837390332,True
2026-06-06,UFC Fight Night: Muhammad vs. Bonfim,Marcus McGhee,John Yannis,0.9093929367514649,0.7864077669902912,-450.0,1.0,0.2222222222222222,0.12298516976117368,True
2026-06-06,UFC Fight Night: Muhammad vs. Bonfim,Edgar Chairez,Bruno Silva,0.8763243456494048,0.4782608695652174,100.0,1.0,1.0,0.39806347608418735,False
2026-06-06,UFC Fight Night: Muhammad vs. Bonfim,Priscila Cachoeira,Chelsea Chandler,0.6587419399336079,0.4675324675324675,105.0,0.0,-1.0,0.19120947240114033,False
2026-06-06,UFC Fight Night: Muhammad vs. Bonfim,Jordan Leavitt,Joanderson Brito,0.8597784572634919,0.38604808669150015,145.0,0.0,-1.0,0.47373037057199174,False
2026-06-06,UFC Fight Night: Muhammad vs. Bonfim,Ketlen Souza,Ariane Carnelossi,0.6413324446909191,0.7229381443298969,-330.0,1.0,0.30303030303030304,-0.08160569963897779,True
2026-06-14,UFC Freedom 250: Topuria vs. Gaethje (White House),Ciryl Gane,Alex Pereira,0.7069307515416896,0.4891657638136511,-105.0,1.0,0.9523809523809523,0.21776498772803848,True
2026-06-14,UFC Freedom 250: Topuria vs. Gaethje (White House),Sean O'Malley,Aiemann Zahabi,0.6923436834939509,0.7483588621444202,-360.0,1.0,0.2777777777777778,-0.05601517865046923,True
2026-06-14,UFC Freedom 250: Topuria vs. Gaethje (White House),Josh Hokit,Derrick Lewis,0.5454437442522282,0.7369226063016213,-330.0,1.0,0.30303030303030304,-0.19147886204939313,True
2026-06-14,UFC Freedom 250: Topuria vs. Gaethje (White House),Mauricio Ruffy,Michael Chandler,0.7793445196189901,0.84,-700.0,1.0,0.14285714285714285,-0.060655480381009874,True
2026-06-14,UFC Freedom 250: Topuria vs. Gaethje (White House),Bo Nickal,Kyle Daukaus,0.7104760760199988,0.7183098591549295,-300.0,1.0,0.3333333333333333,-0.00783378313493066,True
2026-06-14,UFC Freedom 250: Topuria vs. Gaethje (White House),Steve Garcia,Diego Lopes,0.7301115561398703,0.37661050545094155,155.0,0.0,-1.0,0.3535010506889288,False
2026-06-20,UFC Fight Night: Kape vs. Horiguchi,Kyoji Horiguchi,Manel Kape,0.6610006093636354,0.40090771558245086,140.0,0.0,-1.0,0.2600928937811845,False
2026-06-20,UFC Fight Night: Kape vs. Horiguchi,Navajo Stirling,Ion Cutelaba,0.8868240733502426,0.725752508361204,-310.0,1.0,0.3225806451612903,0.16107156498903863,True
2026-06-20,UFC Fight Night: Kape vs. Horiguchi,Hyder Amil,Christian Rodriguez,0.7977383108086868,0.32558139534883723,190.0,0.0,-1.0,0.4721569154598496,False
2026-06-20,UFC Fight Night: Kape vs. Horiguchi,Vinicius Oliveira,Andre Fili,0.8344395941739362,0.6805555555555556,-245.0,1.0,0.40816326530612246,0.15388403861838063,True
2026-06-20,UFC Fight Night: Kape vs. Horiguchi,Andre Lima,Kevin Borjas,0.8964585252418534,0.8279569892473118,-700.0,0.0,-1.0,0.06850153599454167,True
2026-06-20,UFC Fight Night: Kape vs. Horiguchi,Bia Mesquita,Melissa Mullins,0.547815953367563,0.8198198198198199,-650.0,1.0,0.15384615384615385,-0.27200386645225694,True
2026-06-20,UFC Fight Night: Kape vs. Horiguchi,Allan Nascimento,Mitch Raposo,0.8199268385949495,0.5829926410466066,-155.0,0.0,-1.0,0.23693419754834288,True
2026-06-20,UFC Fight Night: Kape vs. Horiguchi,Gaston Bolanos,Michael Aswell Jr.,0.5753213990132872,0.23456199138343706,310.0,1.0,3.1,0.34075940762985013,False
2026-06-20,UFC Fight Night: Kape vs. Horiguchi,Karol Rosa,Luana Santos,0.5797019367917657,0.5052301255230125,-115.0,0.0,-1.0,0.07447181126875324,True
