label,n,accuracy,macro_f1,log_loss,finish_brier,finish_rate_said,finish_rate_real,called_finish,finish_recall,finish_precision
BASE,3310,0.4622356495468278,0.3891033311621444,1.03681480884552,0.2540927231311798,0.5719091296195984,0.5057401812688822,1527,0.5125448028673835,0.5618860510805501
NO-WEIGHTS,3310,0.5003021148036254,0.36093651503646584,1.0206791162490845,0.24822312593460083,0.486493855714798,0.5057401812688822,971,0.34767025089605735,0.5993820803295572
LEVELS,3310,0.4670694864048338,0.397546770365607,1.0299702882766724,0.2516329884529114,0.5687510371208191,0.5057401812688822,1508,0.5113500597371565,0.5676392572944297
RATES,3310,0.4673716012084592,0.3951486759023617,1.0316582918167114,0.2518647611141205,0.5637931823730469,0.5057401812688822,1529,0.5221027479091995,0.5716154349247874
LEVELS+RATES,3310,0.5033232628398792,0.369130884631046,1.0185381174087524,0.24797193706035614,0.4821811318397522,0.5057401812688822,993,0.3578255675029869,0.6032225579053374
BOTH+W,3310,0.47220543806646526,0.4014709366547704,1.0249072313308716,0.24918392300605774,0.5643047094345093,0.5057401812688822,1519,0.5280764635603346,0.5819618169848585
HIERARCHY,3310,0.4906344410876133,0.37326808528943184,1.0338623523712158,0.24981656670570374,0.504499614238739,0.5057401812688822,1178,0.4133811230585424,0.5874363327674024
HIERARCHY+W,3310,0.5018126888217522,0.3863200951186676,1.0340908765792847,0.2492677867412567,0.4887614846229553,0.5057401812688822,1029,0.3769414575866189,0.6132167152575316
ALWAYS-DEC,3310,0.49425981873111785,0.2205148941905917,6.987058813907008,0.5057401812688822,0.0,0.5057401812688822,0,0.0,0.0
BASE-RATE,3310,0.32628398791540786,0.16400911161731208,1.0564250626086704,0.2653230834227833,0.6296596434359806,0.5057401812688822,3310,1.0,0.5057401812688822
