feature,free_centres,free_clean,frozen_centres,frozen_clean,winner_model,corner_history,live_swap_equals_mirror
off_striking_diff,negated,True,negated,True,True,False,True
off_striking_level,unchanged,True,unchanged,True,True,False,True
off_striking_known,unchanged,True,unchanged,True,True,False,True
acc_diff,negated,True,negated,True,True,False,True
acc_level,unchanged,True,unchanged,True,True,False,True
acc_known,unchanged,True,unchanged,True,True,False,True
def_diff,negated,True,negated,True,True,False,True
def_level,unchanged,True,unchanged,True,True,False,True
def_known,unchanged,True,unchanged,True,True,False,True
sapm_diff,negated,True,negated,True,True,False,True
sapm_level,unchanged,True,unchanged,True,True,False,True
sapm_known,unchanged,True,unchanged,True,True,False,True
footwork_diff,negated,True,negated,True,True,False,True
footwork_level,unchanged,True,unchanged,True,True,False,True
td_off_diff,negated,True,negated,True,True,False,True
td_off_level,unchanged,True,unchanged,True,True,False,True
td_off_known,unchanged,True,unchanged,True,True,False,True
td_def_diff,negated,True,negated,True,True,False,True
td_def_level,unchanged,True,unchanged,True,True,False,True
td_def_known,unchanged,True,unchanged,True,True,False,True
td_acc_diff,negated,True,negated,True,True,False,True
td_acc_known,unchanged,True,unchanged,True,True,False,True
sub_diff,negated,True,negated,True,True,False,True
sub_known,unchanged,True,unchanged,True,True,False,True
sub_def_diff,negated,True,negated,True,True,False,True
sub_def_known,unchanged,True,unchanged,True,True,False,True
height_diff,negated,True,negated,True,True,False,True
height_level,unchanged,True,unchanged,True,True,False,True
height_known,unchanged,True,unchanged,True,True,False,True
reach_diff,negated,True,negated,True,True,False,True
reach_level,unchanged,True,unchanged,True,True,False,True
reach_known,unchanged,True,unchanged,True,True,False,True
ape_index_diff,negated,True,negated,True,True,False,True
ape_index_known,unchanged,True,unchanged,True,True,False,True
age_diff,negated,True,negated,True,True,False,True
age_level,unchanged,True,unchanged,True,True,False,True
age_known,unchanged,True,unchanged,True,True,False,True
winrate_diff,negated,True,negated,True,True,False,True
winrate_level,unchanged,True,unchanged,True,True,False,True
exp_diff,negated,True,negated,True,True,False,True
exp_level,unchanged,True,unchanged,True,True,False,True
data_sparsity_diff,negated,True,negated,True,True,True,False
cd_bouts_diff,negated,True,negated,True,True,False,True
cd_bouts_level,unchanged,True,unchanged,True,True,False,True
cd_bouts_known,unchanged,True,unchanged,True,True,False,True
cd_minutes_diff,negated,True,negated,True,True,False,True
cd_minutes_level,unchanged,True,unchanged,True,True,False,True
cd_kd_per15_diff,negated,True,negated,True,True,False,True
cd_kd_per15_level,unchanged,True,unchanged,True,True,False,True
cd_kd_per15_known,unchanged,True,unchanged,True,True,False,True
cd_ctrl_share_diff,negated,True,negated,True,True,False,True
cd_ctrl_share_level,unchanged,True,unchanged,True,True,False,True
cd_ctrl_share_known,unchanged,True,unchanged,True,True,False,True
cd_head_share_diff,negated,True,negated,True,True,False,True
ko_rate_diff,negated,True,negated,True,True,False,True
sub_rate_diff,negated,True,negated,True,True,False,True
ko_vulnerability_diff,negated,True,negated,True,True,False,True
been_finished_diff,negated,True,negated,True,True,False,True
absorption_eff_diff,negated,True,negated,True,True,False,True
absorption_eff_level,unchanged,True,unchanged,True,True,False,True
career_damage_diff,negated,True,negated,True,True,True,False
career_damage_level,unchanged,True,unchanged,True,True,True,False
cardio_diff,negated,True,negated,True,True,False,True
cardio_level,unchanged,True,unchanged,True,True,False,True
recent_form_diff,negated,True,negated,True,True,False,True
recent_form_level,unchanged,True,unchanged,True,True,False,True
splm_L3_diff,negated,True,negated,True,True,False,True
splm_L3_known,unchanged,True,unchanged,True,True,False,True
str_acc_L3_diff,negated,True,negated,True,True,False,True
str_acc_L3_known,unchanged,True,unchanged,True,True,False,True
td_avg_L3_diff,negated,True,negated,True,True,False,True
td_avg_L3_known,unchanged,True,unchanged,True,True,False,True
r_striking_trajectory,swapped<->b_striking_trajectory,True,swapped<->b_striking_trajectory,True,True,False,True
b_striking_trajectory,swapped<->r_striking_trajectory,True,swapped<->r_striking_trajectory,True,True,False,True
r_accuracy_trajectory,swapped<->b_accuracy_trajectory,True,swapped<->b_accuracy_trajectory,True,True,False,True
b_accuracy_trajectory,swapped<->r_accuracy_trajectory,True,swapped<->r_accuracy_trajectory,True,True,False,True
ring_rust_diff,negated,True,negated,True,True,False,True
mom_quality_diff,negated,True,negated,True,True,False,True
prime_wc_diff,negated,True,negated,True,True,False,True
wc_move_diff,negated,True,negated,True,True,False,True
striking_trajectory_diff,negated,True,negated,True,True,False,True
accuracy_trajectory_diff,negated,True,negated,True,True,False,True
mu_diff,negated,True,negated,True,True,False,True
mu_level,unchanged,True,unchanged,True,True,False,True
skill_conservative_diff,negated,True,negated,True,True,False,True
consistency_diff,negated,True,negated,True,True,False,True
opp_quality_diff,negated,True,negated,True,True,False,True
opp_quality_level,unchanged,True,unchanged,True,True,False,True
opp_quality_known,unchanged,True,unchanged,True,True,False,True
southpaw_diff,negated,True,negated,True,True,False,True
stance_mismatch,unchanged,True,unchanged,True,True,False,True
r_td_vs_b_tdd,swapped<->b_td_vs_r_tdd,True,"NOT CLEAN (nearest swapped<->b_td_vs_r_tdd: 71.0% of rows differ, max |gap| 61.5)",False,True,False,False
b_td_vs_r_tdd,swapped<->r_td_vs_b_tdd,True,"NOT CLEAN (nearest swapped<->r_td_vs_b_tdd: 68.9% of rows differ, max |gap| 61.57)",False,True,False,False
r_strike_vs_b_def,swapped<->b_strike_vs_r_def,True,"NOT CLEAN (nearest swapped<->b_strike_vs_r_def: 75.3% of rows differ, max |gap| 29.07)",False,True,False,False
b_strike_vs_r_def,swapped<->r_strike_vs_b_def,True,"NOT CLEAN (nearest swapped<->r_strike_vs_b_def: 75.3% of rows differ, max |gap| 43.32)",False,True,False,False
r_sub_vs_b_subdef,swapped<->b_sub_vs_r_subdef,True,"NOT CLEAN (nearest swapped<->b_sub_vs_r_subdef: 79.9% of rows differ, max |gap| 1.833)",False,True,False,False
b_sub_vs_r_subdef,swapped<->r_sub_vs_b_subdef,True,"NOT CLEAN (nearest swapped<->r_sub_vs_b_subdef: 89.7% of rows differ, max |gap| 0.8437)",False,True,False,False
r_power_vs_b_chin,swapped<->b_power_vs_r_chin,True,"NOT CLEAN (nearest swapped<->b_power_vs_r_chin: 79.9% of rows differ, max |gap| 2.047)",False,True,False,False
b_power_vs_r_chin,swapped<->r_power_vs_b_chin,True,"NOT CLEAN (nearest swapped<->r_power_vs_b_chin: 89.7% of rows differ, max |gap| 4.039)",False,True,False,False
mx_strike_adv,negated,True,negated,True,True,False,True
mx_td_adv,negated,True,negated,True,True,False,True
mx_ctrl_adv,negated,True,negated,True,True,False,True
mx_sub_adv,negated,True,negated,True,True,False,True
mx_grappling_adv,negated,True,negated,True,True,False,True
mx_size_adv,negated,True,negated,True,True,False,True
mx_mass_adv,negated,True,negated,True,True,False,True
mx_striking_known,unchanged,True,unchanged,True,True,False,True
mx_grappling_known,unchanged,True,unchanged,True,True,False,True
mx_size_known,unchanged,True,unchanged,True,True,False,True
bayesian_prob,1-x,True,1-x,True,True,False,True
combined_uncertainty,unchanged,True,unchanged,True,True,False,True
mu_sum,unchanged,True,unchanged,True,True,False,True
mu_diff_z,negated,True,negated,True,True,False,True
base_prob,1-x,True,1-x,True,True,False,True
mmr_diff,negated,True,negated,True,True,False,True
power_diff,negated,True,negated,True,True,False,True
finish_rate_diff,negated,True,negated,True,True,False,True
archetype_matchup,negated,True,negated,True,True,False,True
archetype_clash,unchanged,True,unchanged,True,True,False,True
combined_pace,unchanged,True,unchanged,True,True,False,True
high_pace,unchanged,True,unchanged,True,True,False,True
opp_history_known,unchanged,True,unchanged,True,True,False,True
is_womens,unchanged,True,unchanged,True,True,False,True
is_heavyweight,unchanged,True,unchanged,True,True,False,True
is_5rnd,unchanged,True,unchanged,True,True,False,True
is_title,unchanged,True,unchanged,True,True,False,True
cage_control_cap_diff,negated,True,negated,True,False,False,True
cage_control_cap_level,unchanged,True,unchanged,True,False,False,True
clinch_activity_diff,negated,True,negated,True,False,False,True
grind_tendency_diff,negated,True,negated,True,False,False,True
cd_ko_for_per15_diff,negated,True,negated,True,False,False,True
cd_ko_for_per15_level,unchanged,True,unchanged,True,False,False,True
cd_ko_for_per15_known,unchanged,True,unchanged,True,False,False,True
cd_ko_against_per15_diff,negated,True,negated,True,False,False,True
cd_ko_against_per15_level,unchanged,True,unchanged,True,False,False,True
cd_sub_for_per15_diff,negated,True,negated,True,False,False,True
cd_sub_for_per15_level,unchanged,True,unchanged,True,False,False,True
cd_sub_for_per15_known,unchanged,True,unchanged,True,False,False,True
cd_sub_against_per15_diff,negated,True,negated,True,False,False,True
cd_sub_against_per15_level,unchanged,True,unchanged,True,False,False,True
cd_sub_per15_diff,negated,True,negated,True,False,False,True
cd_sub_per15_level,unchanged,True,unchanged,True,False,False,True
cd_opp_sub_per15_diff,negated,True,negated,True,False,False,True
cd_opp_sub_per15_level,unchanged,True,unchanged,True,False,False,True
cd_opp_kd_per15_diff,negated,True,negated,True,False,False,True
cd_opp_kd_per15_level,unchanged,True,unchanged,True,False,False,True
ko_rate_level,unchanged,True,unchanged,True,False,False,True
sub_rate_level,unchanged,True,unchanged,True,False,False,True
ko_vulnerability_level,unchanged,True,unchanged,True,False,False,True
been_finished_level,unchanged,True,unchanged,True,False,False,True
sub_def_level,unchanged,True,unchanged,True,False,False,True
